,LP1-Fx,LP1-Fy,LP1-Fz,LP1-Mx,LP1-My,LP1-Mz,LP2-Fx,LP2-Fy,LP2-Fz,LP2-Mx,LP2-My,LP2-Mz,LP3-Fx,LP3-Fy,LP3-Fz,LP3-Mx,LP3-My,LP3-Mz,LP4-Fx,LP4-Fy,LP4-Fz,LP4-Mx,LP4-My,LP4-Mz,,Knuckle_S,Bolt1_S,Bolt2_S,Bolt3_S,Bolt4_S,Bolt1_Loss,Bolt2_Loss,Bolt3_Loss,Bolt4_Loss,预紧力损失为百分比率分子
Design1,-3677,5592,-23715,0,0,0,-32069,-23993,19085,0,0,0,-10,-3434,-65,-14020,1330,23367,-4715,22697,3585,-10560,9810,-81907,,225.86,836.5,836.84,840.59,837.02,0.65,0.71,1.51,1.08,
Design2,-4279,6571,-27557,0,0,0,-38094,-28584,23218,0,0,0,-24,-3331,-68,-13974,819,24659,-5415,26539,4157,-11112,12549,-105085,,228.67,836.71,837.25,842.11,837.44,0.94,0.77,2.18,1.83,
Design3,2175,-3636,15003,0,0,0,28563,25034,-24228,0,0,0,-178,-5205,-148,-11645,7495,-21572,2159,-15497,-3252,-6691,5170,-4630,,223.92,836.48,836,836.77,837.1,0.5,0.15,0.44,0.27,
Design4,2725,-4543,18859,0,0,0,35079,29961,-28708,0,0,0,-211,-5415,-162,-11416,8208,-24102,2408,-19053,-4058,-6123,3126,9137,,224.79,836.64,836.05,837.08,837.54,0.59,0.22,0.55,0.38,
Design5,144,-179,904,0,0,0,-6535,-32087,-7082,0,0,0,-1122,23146,-1870,-21485,2455,-47180,7716,-24144,-3313,-14443,18371,-117540,,229.97,836.76,836.17,838.62,838.04,2.35,2.4,1.25,1.9,
Design6,315,-373,1959,0,0,0,-8664,-39381,-7194,0,0,0,-1555,29498,-2692,-23722,-1401,-88260,10355,-30454,-3900,-16102,23988,-169208,,233.57,839.08,841.63,839.15,837.53,3.87,4.44,3.17,4.1,
Design7,-3548,4428,-22405,0,0,0,-1096,15344,-28097,0,0,0,3333,-26097,8684,-113105,-17473,-80443,-4017,11315,-1505,-51401,-9260,-23032,,226.82,836.76,836.17,838.62,838.04,1.36,0.86,0.63,0.95,
Design8,-4238,5207,-26711,0,0,0,-1790,17919,-32628,0,0,0,4246,-30126,10687,-118881,-30025,-109173,-4770,13259,-1833,-53543,-11675,-37885,,229.63,836.26,836.3,839.54,838.94,1.95,1.03,0.86,1.15,
Design9,559,-558,3361,0,0,0,-2732,-7809,5950,0,0,0,-399,12124,9520,112684,-10092,-16193,471,-2749,-1609,68620,5937,-16749,,223.71,836.39,836.15,836.08,836.01,0.19,0.09,0.11,0.07,
Design10,653,-614,3891,0,0,0,-3281,-9383,6735,0,0,0,-579,14494,12027,124072,-3203,-25159,534,-3194,-2055,77145,6846,-17195,,224.03,836.59,836.26,836.13,836.04,0.27,0.12,0.15,0.09,
Design11,761,-631,4424,0,0,0,-16282,30997,-4576,0,0,0,880,-10369,183,-15436,4987,26172,15785,-41943,-7412,-16547,50993,-284784,,241.72,836.81,840.35,841.3,850.9,3.13,1.14,9.42,20.06,
Design12,-944,1967,-6927,0,0,0,3482,-45780,-6631,0,0,0,-75,-2999,-89,-13372,5141,-11841,-3511,24954,4368,-7696,-101,2694,,246.55,838.72,836.66,850.21,840.94,1.41,1.38,14.62,16.9,
Design13,-1036,1594,-6853,0,0,0,5030,7199,-1189,0,0,0,0,-7090,-118,-12204,2699,2144,254,-1477,-340,-7184,-657,3913,,223.13,836.1,836.63,837.12,837.29,0.48,0.44,0.66,0.32,
Design14,-417,637,-2752,0,0,0,608,2592,-4576,0,0,0,20,-4612,18,-15926,5247,7181,-408,1577,169,-9208,-192,8804,,222.9,835.92,835.83,835.99,835.8,0.09,0.02,0.06,0.04,
Design15,-1218,1643,-7797,0,0,0,608,5979,-11344,0,0,0,682,-10933,2486,-91365,13768,11788,-1674,4745,-656,-43073,-3662,18245,,223.09,836.09,835.86,836.44,836.09,0.44,0.14,0.22,0.17,
Design16,267,-406,1758,0,0,0,-3675,-2129,-7512,0,0,0,-39,-1733,-91,-14368,5750,9577,-1033,4376,700,-8157,977,5518,,224.29,836.52,836.15,837.12,836.59,0.54,0.51,0.31,0.68,
Design17,-448,697,-2972,0,0,0,1447,9313,-3397,0,0,0,37,-9388,-161,-11724,3476,2593,-1151,5824,1060,-6890,585,-543,,224.16,836.02,835.98,836.42,836.09,0.08,0.16,0.23,0.39,
Design18,-331,491,-2168,0,0,0,-350,-4316,-5201,0,0,0,-77,619,-149,-15037,4953,8648,568,-2954,-567,-8611,-387,11368,,222.9,836.24,836.12,836.15,836.09,0.32,0.22,0.11,0.13,
Design19,-6000,6989,-19501,0,0,0,-25496,-46681,-39382,0,0,0,4509,-36043,-2870,-143001,1718,9597,1824,15986,-493,-41738,3074,-133805,,283.42,860.79,840.4,844.91,848.96,17.6,3.17,6.94,61.82,
Design20,-3800,5850.1,4720.55,0,0,0,18799.55,-24201.25,-32170.8,0,0,0,4938.1,-28152.3,93.1,-8883.45,813.2,-80408.95,-3363.95,-38576.65,3375.35,-14363.05,28986.4,-94299.85,,244.58,843.38,838.1,838.12,843.91,7.13,0.75,2.11,11.68,
RandomSpace1,-2000,-3179,-22779,0,0,0,-40937,-23450,-27801,0,0,0,-866,22316,-2603,-114220,-24910,-70337,-5889,-26502,1894,64038,-14525,-203215,,278.3,854.96,839.25,850.68,919.43,29.8,5.53,26.24,32.09,
RandomSpace2,500,-4127,-33140,0,0,0,-34867,-52236,-18734,0,0,0,4224,30002,8442,-13949,-36375,-119943,10767,-14187,2691,-25205,2762,-149146,,248.42,843.32,840.68,841.26,841.81,9.64,4.11,4.21,19.24,
RandomSpace3,3000,2412,-4187,0,0,0,23289,17578,-7563,0,0,0,4974,-36719,14990,-140786,-21385,-129742,16753,14419,-1947,-18046,-10756,-330130,,269.02,845.1,840.17,869.35,894.97,14.85,7.92,99.51,19.17,
RandomSpace4,5000,2342,-13944,0,0,0,-20837,-7755,24889,0,0,0,-883,27306,9811,-50438,-8389,11480,17768,-13703,-8301,88016,63145,-149709,,263.91,856.06,868.52,851.71,858.16,4.76,9.76,3.92,4.14,
RandomSpace5,-2355.42,-4083.9,6850.51,0,0,0,30175.87,-38004.01,5321.87,0,0,0,-1101.81,-27010.75,-477.06,-59049.23,10909.73,16318.7,-4806.56,10126.86,-1181.05,-1824.06,12801.92,-35927.78,,245.12,838.18,836.93,850.82,843.054,1.19,1.35,12.99,10.63,
RandomSpace6,-3731.65,4491.56,-10520.18,0,0,0,-2490.6,-41862.35,22406.8,0,0,0,2956.15,29100.07,-963.4,42227.21,-20548.11,-45285.92,5934.57,-17747.23,-666.11,-32331.68,-282.98,998.09,,242.34,842.71,859.13,859.69,842.42,3.41,9.77,4.83,2.11,
RandomSpace7,915.42,-3794.57,-24963.88,0,0,0,14560.49,-13950.82,-23746.91,0,0,0,693.95,-22194.38,2331.51,107766.76,-17133.71,23253.87,8977.72,5575.7,653.44,-35186.27,-6932.29,-104671.66,,262.11,839.14,842.66,874.31,844.834,2.3,2.86,11.05,10.46,
RandomSpace8,-2748.78,-943.26,-23904.09,0,0,0,6246.71,-21293.27,-17364.67,0,0,0,1014.72,-27128.36,343.55,79631.34,12145.69,-45452.37,2466.76,-34137.76,3880.76,-32850.73,37201.42,-173859.96,,233.1,836.75,843.11,842.12,837.53,2.9,2.47,4.72,2.27,
RandomSpace9,-1077.15,-3416.96,-10065.04,0,0,0,27189.35,-1093.83,-3927.46,0,0,0,1683.12,12995.2,2060.64,-46987.02,-18428.66,-39047.31,2316.39,9265.57,-6662.82,57082.61,25534.21,-145599.34,,242.66,844.19,852.94,886.32,863.05,2.61,4.72,12.32,5.98,
RandomSpace10,-4081.06,6282.74,9225.26,0,0,0,-34921.08,-17952.05,12296.94,0,0,0,-181.73,2347.67,7318.53,113592.96,3434.59,-107284.35,13997.24,-31946.98,-4481.92,37921.74,15254.36,-32085.02,,232.28,836.54,837.89,838.96,841.96,1.87,0.59,3.3,1.98,
RandomSpace11,-1392.6,-4375.16,-15028.95,0,0,0,-30354.23,-19157.41,22184.74,0,0,0,2439.23,1677.87,1161.72,48534.48,-2332.88,-5324.43,-1191.19,17802.58,-1024.18,-17832.22,37931.27,-126258.13,,226.15,836.76,836.22,840.74,836.71,0.32,0.43,1.28,0.94,
RandomSpace12,-3867.39,2165.1,11762.07,0,0,0,22838.25,10173.85,-30190.66,0,0,0,1708.64,29105.9,11511.05,-21402.9,4010.49,-98834.14,14061.49,4905.51,-4863.25,-2766.06,-7381.2,233.29,,235.22,836.87,836.4,848.26,842.38,0.8,1.59,4.91,4.55,
RandomSpace13,-4123.69,-853.76,-22572.32,0,0,0,-5286.76,9874.42,-10300.07,0,0,0,1338.95,10587.68,6570.95,-92170.9,-5685.34,-100977.7,-3695.95,-5117.44,-1820.97,56446.76,40596.09,17582.52,,226.17,836.94,840.49,837.51,839.64,1.56,1.47,1.09,0.85,
RandomSpace14,-1887.64,-3443.2,17760.44,0,0,0,-10255.47,-39443.38,-22663.3,0,0,0,3344.62,11504.13,3987.48,111583.28,6054.47,-50974.77,13334.47,3304.61,-5935.59,15995.84,3356.73,-56033.5,,250.16,856.46,843.71,840.34,841.19,6.39,2.9,2.15,20.51,
RandomSpace15,867.14,5243.46,-22820.97,0,0,0,1882.83,15712.77,10026.04,0,0,0,-1335.71,19251.83,8423.73,-9427.31,7214.54,20682.45,5162.68,-34145.04,-203.44,49928.07,1558.98,-92447.96,,250.57,851.72,876.04,860.9,850.93,5.03,16.24,9.97,4.55,
RandomSpace16,1408.6,-769.16,3372.48,0,0,0,-2950.41,17634.74,10788.01,0,0,0,-293.82,-28084.92,11939.39,106588.28,-1143.93,-14381.41,11944.21,9367.15,-3285.56,68104.58,23932.39,-185907.22,,237.7,846.58,838.75,840,856.11,4.73,2.15,2.67,6.67,
RandomSpace17,971.67,-710.07,14365.05,0,0,0,-17664.91,13219.47,-3513.24,0,0,0,39.7,12518.42,-2183.53,-43554.46,-23661.63,-69035.43,8621.38,-8838.07,-5618.56,-43537.92,-3212.48,-1240.02,,226.95,838.76,837.77,843.09,845.62,1.85,0.72,2.69,3.03,
RandomSpace18,-1435.07,3081.26,-14817.47,0,0,0,-24349.05,-2088.04,-22521.74,0,0,0,1278.85,17198.58,-77.14,7753.85,696.43,11533.16,4370.79,-2266.53,-2936.95,50434.27,11054.48,-3108.17,,228.58,841.94,836.76,837.5,846.77,4.72,1.18,1.07,2.55,
RandomSpace19,-2064.71,5900.05,7277.07,0,0,0,-21446.49,30808.92,-21140.44,0,0,0,-1415.81,6233.15,8534.36,58269.38,-279.38,-74796.81,7045.09,-25754.93,-4614.95,43824.03,16480.67,-78625.18,,239.03,839.67,838.57,846.82,869.68,5,0.71,5.62,22.89,
RandomSpace20,-1842.31,-103.88,3497.12,0,0,0,15625.11,5125.68,20465.48,0,0,0,-1301.38,-16387.14,7784.12,20610.26,-29489.55,-108760.01,2004.67,10191.16,-3261.96,32143.94,26105.47,-100433.44,,247.93,854.64,839.44,846.36,873.03,3.51,1.99,4,9.4,
RandomSpace21,-1447.48,2534.86,4812.9,0,0,0,-18928.51,1462.21,-13246.25,0,0,0,-744.79,-13058.31,680.72,-38224.73,-942.7,-81359.17,-4772.41,-23762.87,-6952.72,-50156.29,21793.43,-86154.66,,241.78,841.17,838.02,848.95,861.05,4.54,0.86,6.4,9.21,
RandomSpace22,717.8,6231.45,-4849.72,0,0,0,-15424.29,-13738.45,-507.83,0,0,0,2186.07,-23220.72,5734.85,-104745.37,5294.25,-43675.68,10894.34,-4984.48,466.07,-44523.98,29341.44,-123452.15,,225.98,836.53,837.19,836.31,836.19,0.87,0.71,0.41,0.42,
RandomSpace23,-425.02,602.55,-12112.92,0,0,0,-22868.88,499.89,-509.7,0,0,0,4175.29,20669.12,531.3,-24941.52,-28529.77,-28527.93,9047.54,-19896.09,-4372.33,-34560.65,45083.76,-95590.75,,230.38,836.52,842.38,838.78,841.99,3.06,2.9,3.41,1.53,
RandomSpace24,716.29,1094.84,5996.42,0,0,0,7887.65,-14500.34,-4844.75,0,0,0,3665.49,-29112.11,547.89,36657.82,-13106.82,-56984.52,-1596.05,-14030.57,-823.05,-8196.49,4230.29,-193628.19,,225,836.98,836.52,836.43,836.61,0.92,0.53,0.4,0.32,
RandomSpace25,1031.09,4995.96,-9664.75,0,0,0,24448.88,21282.47,-17129.78,0,0,0,1529.97,-8536.36,8366.67,-40342.61,-13715.83,-23249.74,-5101.32,13520.06,3329.89,-8051.4,47280.65,-172111.15,,226.19,836.27,836.49,844.27,840.54,0.67,0.78,2.82,1.35,
RandomSpace26,-1231.68,-2141.43,-4567.31,0,0,0,32590.73,-35261.24,21084.43,0,0,0,2870.38,-15115.48,205.5,-64630.89,-20692.03,-55644.51,8535.2,-16259.18,-1746.26,21235.93,-7197.97,-109285.91,,256.17,849.25,856.72,898.33,874.71,3.24,4.89,15.4,10.36,
RandomSpace27,-844.98,-436.99,-25355.55,0,0,0,6563.85,26527.06,4859.28,0,0,0,-852.66,-2071.98,1314.94,-117084.83,-22892.16,-5919.55,11635.35,-20216.14,-3497.35,74061.03,46486.54,-186917.6,,252.27,856.99,873.52,877.5,870.77,4.87,9.9,9.19,7.99,
RandomSpace28,-710.19,-3522.81,-22526.96,0,0,0,-11163.24,-13280.79,16716.66,0,0,0,-1273.33,-10234.16,563.22,113332.78,2712.85,-99127.81,11868.8,11930.19,3783.86,66127.24,23333.1,355.18,,243.15,853.77,851.2,860.7,858.92,3.6,3.3,5.49,4.79,
RandomSpace29,-2801.54,-484.41,-17076.1,0,0,0,25457.25,20052.43,-32360.11,0,0,0,4151.86,-7792.45,7398.41,-74402.35,-3931.06,11716.37,12629.17,-39894.53,3452.66,-52765.56,5391.3,-134371.38,,246.06,839.24,847.86,862.47,842.9,3.54,4.52,6.26,1.82,
RandomSpace30,-170.98,5729.29,15834.6,0,0,0,-29672.46,-11519.37,11669.5,0,0,0,2064.19,-28738.63,3299.34,-78215.61,-5839.22,9428.18,-3391.04,16265.79,-1246.93,27949.09,-11018.81,-159973.4,,255.86,840.54,857.5,898.29,846.38,3.97,4.28,17.48,4.99,
RandomSpace31,1340.03,-4261.85,-10533.42,0,0,0,10844.27,6610.44,3679.79,0,0,0,1471.86,28540.77,6147.23,-18848.01,-23528.67,-32051.18,12227.54,-5218.42,-6759.52,47061.33,4444.47,-160869.32,,251.16,850.04,859.88,874.59,865.65,3.5,6.37,8.22,5.74,
RandomSpace32,2467.93,-4275.61,-4736.73,0,0,0,-5710.61,-42487.59,-11219.99,0,0,0,4242.17,-21887.86,9081.41,48622.51,6622.9,-38516.2,-502.72,-2655.81,-6670.22,5197.43,28489.14,-35641.26,,236.4,838.36,837.02,837.98,837.53,2.6,0.98,0.74,8.06,
RandomSpace33,-2291.51,4859.93,-11660.14,0,0,0,21263.28,-34234.15,11835.17,0,0,0,1320,8715.52,-971.45,25888.4,8517.92,18256.27,-26.69,-19549.38,-1673.9,43882.31,43062.63,-185229.27,,245.92,842.22,857.79,882.39,849.25,2.79,7.5,10.37,4.61,
RandomSpace34,-2398.83,3095.3,-16784.62,0,0,0,-37737.18,-45456.03,13508.86,0,0,0,-757.19,-15222.49,5503.98,-55337.17,-19498.16,-84206.61,4730.16,252.85,-2635.1,-25298.28,-4444.39,-65676.38,,225.23,836.63,836.95,836.48,836.87,1.15,0.86,0.28,0.77,
RandomSpace35,2154.14,1958.11,-20760.49,0,0,0,16761.17,-16237.56,-8963.42,0,0,0,1250.16,-28441,9991.6,60873.08,7976.52,-49557.76,-1855.24,-19913.34,-4344.58,-23712.11,2459.26,-8379.35,,238.17,839.72,845.03,858.09,841.55,2.6,3.37,5.1,2.46,
RandomSpace36,-1505.83,-2849.78,-10229.62,0,0,0,25447.49,-9467.43,21628.01,0,0,0,1113.3,5626.37,-2389.28,111438.98,-21320.29,-47437.77,11542.37,-19352.89,2502.64,68609.99,6023.62,-161737.63,,257.18,859.18,862.84,890.03,876.61,4.48,6.47,12,9.02,
RandomSpace37,-3209.71,-4223.24,-7987.35,0,0,0,-31200.74,27612.27,3494.72,0,0,0,-438.86,5297.37,-480.92,51327.27,9595.3,-42540,13904.07,-20250.99,-4267.01,76504.5,21546.79,-126891.27,,249.92,839.25,842.2,838.51,848.27,3.61,1.49,3.14,23.36,
RandomSpace38,-1193.57,865.04,-4638.06,0,0,0,19081.12,-36570.49,-19895.95,0,0,0,3963.44,11935.03,4955.56,37051.16,-10583.04,-86998.64,8944.86,-14102.65,-3032.86,69191.79,675.17,-203439.62,,257.32,837.42,840.45,860.55,843.24,3.4,3.67,8.1,25.9,
RandomSpace39,-1545.99,502.59,1965.89,0,0,0,-28553.61,30208.05,-2849.34,0,0,0,1804.79,-11011.35,2599.23,116339.31,6791.95,-100008.02,-2370.68,-17826.5,862.75,-32515,4642.29,-93938.34,,274.58,838.14,841.11,872.4,899.18,5.39,1.09,10.1,96.17,
RandomSpace40,-2029.9,3515.03,1228.42,0,0,0,9127.52,-21920.68,-8815.64,0,0,0,3583.49,-12920.42,2749.52,121295.74,9244.15,-50926.77,2775.25,-11682.61,3932.28,-3408.27,38021.85,-192574.75,,230.07,837.47,836.74,837.66,836.88,1.05,0.75,0.67,1.51,
RandomSpace41,-736.28,4106.74,6227.24,0,0,0,12365.28,11601.83,-3204.94,0,0,0,2786.12,8944.4,-2625.57,28895.04,-12834.6,-73362.23,7824.26,21417.16,2116.09,72198.55,-3431.28,-115382.78,,232.26,836.76,836.57,847.64,842.08,0.43,1.05,14.01,2.4,
RandomSpace42,-3025.73,5769.75,-2694.57,0,0,0,12991,-7598.14,18130.33,0,0,0,3130.17,22286.68,2711,33655.37,8881.59,-5024.66,-3857.09,-2162.86,-1971.78,58623.54,27082.42,-101614.11,,228.49,844.49,845.29,851.05,849.73,2.64,3.49,3.64,3.28,
RandomSpace43,-3028.64,-38.91,-14298.15,0,0,0,1317.86,768.09,-31707.05,0,0,0,1182.77,24708.73,10334.79,-6873.52,-25993.92,-93719.69,15631.32,-29663.87,-5725.1,-52512.51,19195.33,-86238.13,,239.46,838.17,847.21,852.39,839.96,4.9,7.81,6.37,1.8,
RandomSpace44,-2198.29,2400.08,-8020.54,0,0,0,32355.24,-40257.48,19106.2,0,0,0,686.84,-12274.95,5968.43,7087.27,-8085.45,-76957.44,-4590.33,4405.29,-4066.5,-2493.65,-7189.4,-194472.65,,259.4,844.14,850.11,892.05,869.71,2.93,3.59,15.38,10.76,
RandomSpace45,-1546.58,4926.92,-19286,0,0,0,25177.55,157.05,-32245.71,0,0,0,-856.35,27067.72,897.21,-95793.93,-17500.26,-37978.6,4941.68,22893.15,949.15,15843.89,49681.67,-38545.2,,261.52,836.96,844.07,901.56,845.66,2.09,5.66,30.82,13.63,
RandomSpace46,-3693.52,4150.59,-24932.07,0,0,0,3615.42,-29930.46,5868.55,0,0,0,2656.89,-1951.38,8839.56,98243.35,7735.64,-100101.24,-4115.41,-35109.78,-5819.27,31400.83,49629.83,-151277.56,,250.26,841.41,861.95,859.09,836.36,4.34,11.41,12.74,1.64,
RandomSpace47,-88.73,2050.78,12811.2,0,0,0,33118.6,-35300.78,-30075.11,0,0,0,3368.63,5255.17,11072.38,80298.81,-6209.29,-72463.17,-2156.39,-26081.38,-6829.41,24117.55,49235.91,-166309.92,,270.24,843.31,838.27,843.32,845.34,6.32,1.84,5.6,38.2,
RandomSpace48,2165.27,6213.84,-16184.71,0,0,0,-6021.34,-2597.62,6752.28,0,0,0,-517.15,14355.34,6740.74,-61039.1,-905.31,6106.17,10162.85,-1524.62,-6599.72,-26569.64,15048.75,-106549.34,,250.39,843.91,858.9,862.27,855.7,3.1,6.53,5.65,3.44,
RandomSpace49,1159.81,1347.25,1332.51,0,0,0,6092.64,5552.95,17446.82,0,0,0,2999.78,898.97,9831.72,122933.27,-20813.03,-49880.47,13408.21,13767.03,1903.34,-41111.55,12285.67,-124955.77,,249.62,846.55,838.03,847.99,869.66,1.77,1.69,9.49,9.42,
RandomSpace50,-1807.72,4372.2,1435.97,0,0,0,23177.82,13553.76,-27878.95,0,0,0,1186.92,-15598.54,4404.44,31035.33,-4448.64,22735.99,-1351.37,-26260.13,1765.46,-12705.55,33011.27,-84047.45,,227.35,837.17,836.06,837.47,838.69,1.18,0.55,0.69,0.7,
RandomSpace51,-1477.46,3074.51,-1221.5,0,0,0,-8990.1,-14926.51,-24965.47,0,0,0,3526.97,-16636.89,7252.63,-30204.53,7371.75,-3782.45,8787.52,-37127.79,1083.34,14904.3,10351.47,-56094.45,,233.98,839.65,836.57,837.88,843.62,3.93,0.69,2.32,2.58,
RandomSpace52,1062.6,-1906.5,-25365.65,0,0,0,21246.6,-31905.49,-6002.02,0,0,0,-476.1,-1212.4,6249.62,117659.62,-13556.38,-80315.12,1424.24,15138.24,-56.66,12423.67,11333.37,-163745.49,,260.03,841.74,848.95,901.02,853.33,2.69,4.35,24.46,15.65,
RandomSpace53,1315.69,5688.53,15239.9,0,0,0,-22488.48,-8944.19,-30220.49,0,0,0,1871.4,-24096.2,6956.26,54773.53,9610.59,-52615.26,7542.52,-14859.55,-5782.42,29338.1,11720.36,-26297.93,,250.47,864.36,849.95,865.58,855.52,8.25,3.28,5.44,5.96,
RandomSpace54,1628.22,-1962.51,6968.16,0,0,0,-1485.18,-41285.9,14043.15,0,0,0,1309.64,-26604.04,9562.02,16520.71,-8646.67,10429.66,8865.63,898.68,-1797.3,14807.88,5455.84,-74473.11,,231.33,837.85,837.17,841.45,840.13,1.56,0.93,1.67,3.07,
RandomSpace55,802.37,4306.93,-11877.15,0,0,0,-33737.27,-34234.88,-9164.19,0,0,0,3726.36,-29604.63,360.96,93971.75,4160.65,-78863.59,8985.76,-18638.63,-4919.79,-15430.5,14428.74,-46066.59,,230.02,838.64,836.52,837.19,840.23,3.26,0.87,1.42,1.87,
RandomSpace56,-2029.1,6236.88,15016.47,0,0,0,32476.1,-37118.29,-23293.15,0,0,0,595.29,-9811.34,9853.7,-34204.93,-963.93,-15069.58,4417.63,12139.05,-5253.84,45764.61,2373.43,-17910.06,,285.54,838.38,839.52,868.2,852.56,4.58,4.36,79.88,62.88,
RandomSpace57,2200.95,-4378.78,-5760.81,0,0,0,-13504.45,-13947.8,-5675.76,0,0,0,-1134.54,-16517.92,-195.34,-2585.9,4475.09,-42655.08,-1410.58,-21289.7,-3784.38,-19098.33,-555.39,-130945.77,,228.82,836.69,836.86,837.46,841.01,1.33,0.51,1.18,1.44,
RandomSpace58,-1301.15,1692.73,-7617.12,0,0,0,-14949.4,-7874.84,6784.88,0,0,0,4166.48,-1033.98,10162.9,-103210.53,-10011.28,-78035.35,-807.22,-26522.03,-6618.23,27656.77,41858.72,-123478.71,,232.57,836.53,839.18,838.63,841.04,1.74,1.22,3.84,1.52,
RandomSpace59,24.05,1953.96,-11889.5,0,0,0,-10906.9,12377.04,-14853.94,0,0,0,1648.52,19867.34,-1116.99,-13881.86,-22500.84,-66128.68,3136.76,-11371.67,1489.3,62116.73,50119.41,-1238.32,,226.36,838.95,837.62,836.63,845.19,2.9,1.13,1.11,2.16,
RandomSpace60,-4052.23,6143.72,-3185.32,0,0,0,-11570.55,27668.1,-23607.81,0,0,0,-1182.53,-7390.16,-2650.08,-74280.73,3211.67,5705.77,7969.08,-19928.97,1451.3,42462.03,10968.12,-100409.69,,227.66,838.17,836.53,836.82,848.25,3.08,0.41,1.45,5.25,
RandomSpace61,-1670.56,-3888.07,-6640.48,0,0,0,-5514.08,15348.11,-19684.08,0,0,0,1219.05,-26576.59,2795.48,-104529.64,-15889.23,-65161.16,-4507.06,-22913.4,1245.45,2784.1,33976.86,-182766.87,,229.52,837.6,835.84,838.36,848.58,2.48,0.38,1.96,4.89,
RandomSpace62,-4035.57,-2998.45,4756.17,0,0,0,-19357.02,-9960.47,-231.7,0,0,0,2087.96,24376.34,6153.92,113145.08,12240.07,-63081.61,-1528.98,-33126.28,-5359.66,53415.63,42160.99,-11091.72,,243.84,838.36,837.6,841.36,849.65,3.36,0.78,9.92,6.21,
RandomSpace63,2484.66,-3718.22,1382.03,0,0,0,-3739.96,-43126.15,4045.81,0,0,0,1162.06,-1692.49,4713.03,-4633.29,-217.48,-79039.43,7041.36,11388.07,-793.85,-40416.68,3513.28,5625.67,,246.17,838.39,837.51,844.57,838.96,0.75,1.03,2.94,6.11,
RandomSpace64,1872.24,5737.3,-18967.69,0,0,0,-16425.14,-43442.42,520.98,0,0,0,2420.98,-17200.39,4355.61,17592.97,-14102.68,-58111.74,7981.65,23950.28,-4346.5,30231.69,42415.96,-171831.53,,237.67,836.66,836.84,855.5,839.21,0.9,2.08,13.2,9.73,
RandomSpace65,80.37,-2838.51,-22146.57,0,0,0,-20472.18,18916.07,-11777.75,0,0,0,2687.14,23219.3,11318.21,-72147.23,-22863.62,-42802.77,13923.35,-7872.95,-5095.87,678.49,14017.38,-63532.18,,227.99,838.4,843.72,840.91,841.96,2.74,2.79,2.23,2.29,
RandomSpace66,1671.74,3416.5,-20446.98,0,0,0,-1847.18,21030.55,-32223.06,0,0,0,590.07,16808.31,-2249.17,-94908.66,-12070.1,-99538.74,1809.31,-27037.63,507.8,11855.55,46906.21,-165748.46,,246.65,841.92,843.36,842.71,858.83,9.82,6.4,11.26,6.54,
RandomSpace67,-3734.6,-2886.75,-22447.03,0,0,0,-3106.77,4033.63,-31157.7,0,0,0,-1180.26,-2241.03,2236.55,29130.09,9319.61,-16534.08,8581.89,4683.15,-6219.77,59973.05,14437.35,-51478.6,,228.75,839.54,844.4,852.51,837.9,2.14,3.4,3.38,1.65,
RandomSpace68,-29,1910.56,16147.93,0,0,0,3451.54,-5125.8,-9216.53,0,0,0,2939.99,25054.56,8945.62,62751.4,-26302.99,15106.1,11487.98,-8584.19,-527.21,7818.52,19071,-35514.89,,225.05,839.09,838.41,836.08,836.21,1.11,1.42,0.28,0.69,
RandomSpace69,-3554.32,-4449.26,-6111.4,0,0,0,18995.03,-37172.69,-22771.54,0,0,0,-712.52,-26269.69,11584,-8504.13,-7110.32,-33300.68,4170.08,6241.91,-4766.18,5145.61,3421.98,-152621.92,,265.28,840.35,837.11,860.6,844.62,3.85,2.67,15.98,36.69,
RandomSpace70,-4148.45,4771.03,6338.48,0,0,0,4255.71,21965.54,-24353.47,0,0,0,2365.3,12871.8,-2023.12,-58948.31,7808.05,-27520.75,8793.67,-39959.91,2735.04,18583.15,-2867.61,-215017.35,,233.03,840.2,837.43,839.04,848.43,4.23,1.17,4.44,4.19,
RandomSpace71,1220.6,-1858.22,14814.67,0,0,0,-26313.11,-33800.62,13163.19,0,0,0,1323.21,9092.17,6145.9,101989.23,1315.6,-103748.47,8931.97,-36597.35,-734.93,-20731.97,-4978.54,-90827.87,,232.98,837.71,836.69,840.39,843.06,1.84,0.45,3.1,2.3,
RandomSpace72,-4104.34,-3987.63,-11945.61,0,0,0,33620.1,28632.09,-6561.23,0,0,0,3929.93,-3139.23,9186.9,123010.49,7084.38,-67606.55,-3190.24,-18010.72,3984.36,-23525.58,48705.07,-202937.22,,238.06,845.01,849.06,859.01,854.23,3.14,2.95,5.02,4.04,
RandomSpace73,1462.51,2507.04,4705.73,0,0,0,-20835.07,-27116.57,-6004.9,0,0,0,1796.01,5395.26,3792.72,-50120.45,-21262.64,-38936.34,15011.01,2132.92,-4462.91,61878.25,-9945.11,-218367.65,,228.08,838.24,837.26,837.91,836.78,1.23,1.26,0.71,1.89,
RandomSpace74,-3280.64,-2312.31,-25805.77,0,0,0,21877.77,4878.21,22172.13,0,0,0,-1499.92,19513.37,-1754.86,-26411.72,-25827.86,-84264.07,6315.55,21804.32,1029.42,59242.5,36963.49,-174145.02,,285.52,880.03,869.12,920.19,903.41,8.86,8.59,28.25,17.66,
RandomSpace75,-3831.09,3464.15,6766.36,0,0,0,5399.29,17887.17,19145.86,0,0,0,1902.72,-20003.43,-818.75,57213.16,-5542.78,5471.65,5796.67,-5376.59,-3117.81,75897.44,48824.52,-132803.32,,227.63,844.86,839.6,840.4,853.7,2.27,1.2,1.77,5.52,
RandomSpace76,-3028.89,805.45,-1914.13,0,0,0,-28667.39,-8513.46,9512,0,0,0,1952.33,20118.44,4844.02,43074.51,-1492.95,14077.87,-4002.93,-36343.45,438.74,16615.8,6870.83,-42484.37,,259.16,837.24,839.82,845.68,862.8,4.58,0.78,15.74,15.27,
RandomSpace77,-2779.67,-778.86,-15611.83,0,0,0,-25682.06,2266.9,-30117.79,0,0,0,3397.26,-23883.84,5301.94,-43826.07,-1420.5,21444.49,-2215.47,-25932.58,865.87,47431.61,39950.43,-129442.24,,241.86,845.76,836.67,847.42,873.24,8,0.9,8.32,14.56,
RandomSpace78,-3132.32,-883.49,-16593.37,0,0,0,1942.71,-5958.54,-5494.86,0,0,0,311.06,18602.48,5054.32,-27927.33,10134.7,-66601.58,8047.98,-36599.59,2986.73,67228.38,-3319.94,-205310.42,,238.05,841.81,854.4,849.13,837.26,3.37,6.38,6.57,1.08,
RandomSpace79,2026.88,-2050.77,-21919.95,0,0,0,-12624.83,-41197.32,19627.29,0,0,0,2050.08,-9120.38,10363.37,18598.09,-16797.46,-61191.87,7305.16,17842.09,-2188.09,19729.73,33789.93,10217.52,,239.17,843.1,842.6,862.29,851.75,2.35,2.59,8.34,3.87,
RandomSpace80,-1130.38,4729.15,6521.53,0,0,0,-24382.62,-44706.1,-26232.28,0,0,0,2650.38,-11693.98,3709.8,-81457.77,-28071.34,-91229.88,9296.16,-32625.93,-4013.77,49358.81,33975.83,-122870.55,,242.3,857.95,842.47,838.03,850.62,11.49,1.43,4.85,14.91,
RandomSpace81,-2152.73,2636.88,-7328.22,0,0,0,-28084.08,-3325.29,-2735.66,0,0,0,1987.47,-29949.83,11365.28,-82704.87,4628.71,-20792.63,6983.83,-22099.2,-5837.85,-28906.27,-2898.17,-132720.96,,229,836.91,836.25,837.75,842.51,2.32,0.63,1.76,2.07,
RandomSpace82,-2822.1,650.53,-481.07,0,0,0,-1912.03,-13365.65,-17620.42,0,0,0,-229.52,-7914.65,8278.29,39513.23,-1085.08,-50371.05,5524.5,7083.73,-867.99,-8003.43,3474.72,-75355.26,,228.49,836.62,836.27,839.76,836.72,1.18,0.82,1.04,1.85,
RandomSpace83,2198.64,-1009.09,-20718.86,0,0,0,4946.99,-10478.19,-10519.23,0,0,0,1495.12,-11153.93,11846.22,49162.54,-22079.67,1992.72,14332.43,-30021.61,-450.99,-3436.54,46046.77,-211923.8,,242.42,842.05,852.57,861.47,843.26,2.67,4.83,5.34,2.52,
RandomSpace84,-4277.75,3246.32,8200.88,0,0,0,-34150.66,30510.12,-21659.13,0,0,0,941.61,25738.93,9224.87,89777.53,-11443.97,14725.14,5630.38,-33384.57,-3667.93,-27074.25,7050.71,-107821.47,,290,844.42,840.24,865.47,943.83,10.31,0.93,18.08,93.72,
RandomSpace85,-2006.5,-3695.71,18194.3,0,0,0,-1280.14,-18390.48,-30621.13,0,0,0,2678.26,14153.7,7273.09,-64384.93,-958.11,2050.28,-3323.54,-26215.25,-6783.85,9832.14,9733.53,-186277.18,,240.71,861.69,843.48,847.44,865.96,8.93,2.15,3.16,8.61,
RandomSpace86,-660.58,1156.64,-15404.64,0,0,0,26601.16,-31708.31,-3917.11,0,0,0,498.17,3443.73,7187.52,-18294.09,2673.58,-56156.64,7267.64,21069.71,-6841.59,-17027.61,5912.63,-134542.39,,290,842.45,856.28,959.29,873.91,3.93,7.41,83.77,27.38,
RandomSpace87,-2769.99,3753.98,-15736.11,0,0,0,-31828.23,-24529.33,12571.67,0,0,0,3716,-28295.42,4571.74,63855.87,6027.16,-45946.42,6288.08,7887.64,3078.63,36961.83,26674.34,-24441.72,,227.38,836.58,836.93,838.52,836.27,0.96,0.58,0.93,0.81,
RandomSpace88,-2120.58,6457.96,-20898.89,0,0,0,32048.17,-7493.06,16879.7,0,0,0,3955.09,28984.5,-1517.09,-65115.99,-802.1,-97919.96,-3340.19,-5724.97,-4021.55,-44158.29,5067.56,-96543.98,,286.92,854.23,880.75,919,872.93,5.79,32.59,20.71,7.69,
RandomSpace89,-794.31,1935.9,-3839.52,0,0,0,3559.13,13310.68,20665.71,0,0,0,-64.18,26733.75,4000.95,-91078.19,-11307.91,-39100.47,11935.65,6832.24,-2954.04,77079.13,26655.62,-46143.33,,257.04,861.41,848.06,859.97,878.47,4.86,3.59,4.92,10.3,
RandomSpace90,959.16,3295.67,13841.39,0,0,0,-2578.89,-36457.69,7032.93,0,0,0,3879.13,26378.02,-2302.2,-7011.04,-24157.44,-104808.39,9917.08,-22971.32,3749.69,-12127.39,23383.33,-231935.92,,229.07,841.08,838.12,836.78,837.28,1.94,1.5,0.39,1.33,
RandomSpace91,463.32,4856.45,-20043.81,0,0,0,-14821.64,-37984.99,-1359.46,0,0,0,-1091.07,-28974.76,522.34,-25439.5,11222.95,-100355.04,13210.93,-36626.53,2860.39,46132.76,23804.17,-185498.5,,232.43,836.84,842.39,840.67,837,2.49,2.59,4.13,1.49,
RandomSpace92,-2437.07,3934.22,-11549.07,0,0,0,-7327.57,-37746.18,17912.16,0,0,0,2834.48,6275.38,6425.23,-46861.14,567.74,7807.49,5662.81,18880.23,-2987.04,48455.82,50600.51,-116656.23,,231.32,840.85,841.85,859.67,845.75,1.64,2.46,8.2,3.41,
RandomSpace93,-2708.4,-2646.41,15819.92,0,0,0,33590.39,-25922.68,9544.26,0,0,0,3383.59,-22960.52,-2324.95,-85664.39,1099.59,-74423.33,-3652.91,1761.16,2722.3,-4012.78,1879.47,-99559.57,,234.88,837.24,836.62,844.81,"843,.43",0.7,0.87,4.18,4.54,
RandomSpace94,206.47,1900.45,-1719.85,0,0,0,-10169.58,10431.58,979.68,0,0,0,1947.99,-21286.27,-896.61,30763.22,3063.73,-85314.76,6320.07,-15164.42,2866.64,34092.18,45562.9,-203021.47,,223.91,836.27,836.1,836.48,838.44,0.73,0.04,0.89,0.85,
RandomSpace95,-988.99,1093.85,-25831.02,0,0,0,23271.9,-39568.54,-2940.31,0,0,0,623.93,14267.64,5489.23,37427.22,-3322.96,14130.24,-1539.58,4907.52,2077.36,-41650.84,46180.12,1501.98,,269.68,840.84,851.34,900.84,848.55,2.79,5.83,17.27,15.97,
RandomSpace96,-2331.37,-3353.87,15618.59,0,0,0,-27497.17,25589.18,9594.31,0,0,0,-1148.25,773.95,2059.56,50488.85,-28883.55,-90270.57,11718.93,-22719.68,1046.9,-16283.07,28966.63,-132428.09,,244.99,836.88,838.44,855.36,851.69,2.2,0.51,5.04,39.54,
RandomSpace97,334.22,1962.07,10634.69,0,0,0,23872.7,-14462.51,-30653.45,0,0,0,3984.55,24036.87,-689.14,-14765.79,-24666.44,-76743.43,599.57,-28047.28,-6126.26,44404.88,119.96,-131036.01,,241.91,845.13,838.94,839.08,841.04,6.32,3.13,2.07,9.07,
RandomSpace98,-1963.73,-4226.22,-12296.97,0,0,0,-4706.67,-20302,3006.53,0,0,0,1844.42,-11068.06,2275.91,-117120.5,-20222.62,-69183.9,14644.34,17636.82,1018.18,11372.85,30623.87,-124475.79,,230.63,841.33,839.96,860.03,848.11,1.67,1.84,12.88,3.72,
RandomSpace99,753.88,-917.95,-21798.28,0,0,0,8104.1,-16367.16,-27630.88,0,0,0,168.54,9420.4,-2040.13,27118.75,-10764.68,21950.14,15649.22,-20558.52,3670.39,75530.94,8625.47,-223683.1,,253.45,836.62,845.39,866.6,841.01,4.07,5.82,6.97,10.75,
RandomSpace100,1115.11,-1429.81,14292.83,0,0,0,3233.66,-41105.29,-22532.9,0,0,0,4222.83,-29270.42,7137.57,39973.32,2664.76,-10993.31,8813.19,-16694.21,-6569.36,39346.41,9076.14,-59180.76,,249.22,840.79,838.72,838.12,840.13,5.25,1.67,1.37,20.81,
